"linda";"zugangsberechtigung"
"NA";"NA"
"Linda ist Bankangestellte und in der Frauenbewegung aktiv.";"Fachhochschulreife"
"Linda ist Bankangestellte und in der Frauenbewegung aktiv.";"allgemeine Hochschulreife / Abitur"
"NA";"allgemeine Hochschulreife / Abitur"
"NA";"allgemeine Hochschulreife / Abitur"
"Linda ist Bankangestellte und in der Frauenbewegung aktiv.";"allgemeine Hochschulreife / Abitur"
"Linda ist Bankangestellte und in der Frauenbewegung aktiv.";"allgemeine Hochschulreife / Abitur"
"Linda ist Bankangestellte.";"allgemeine Hochschulreife / Abitur"
"NA";"Fachhochschulreife"
"Linda ist Bankangestellte.";"allgemeine Hochschulreife / Abitur"
"Linda ist Bankangestellte und in der Frauenbewegung aktiv.";"Fachhochschulreife"
"Linda ist Bankangestellte.";"allgemeine Hochschulreife / Abitur"
"Linda ist Bankangestellte und in der Frauenbewegung aktiv.";"allgemeine Hochschulreife / Abitur"
"Linda ist Bankangestellte und in der Frauenbewegung aktiv.";"allgemeine Hochschulreife / Abitur"
"Linda ist Bankangestellte und in der Frauenbewegung aktiv.";"Fachhochschulreife"
"Linda ist Bankangestellte und in der Frauenbewegung aktiv.";"Fachhochschulreife"
"Linda ist Bankangestellte.";"allgemeine Hochschulreife / Abitur"
"Linda ist Bankangestellte und in der Frauenbewegung aktiv.";"Fachhochschulreife"
"Linda ist Bankangestellte und in der Frauenbewegung aktiv.";"NA"
"Linda ist Bankangestellte und in der Frauenbewegung aktiv.";"allgemeine Hochschulreife / Abitur"
"NA";"allgemeine Hochschulreife / Abitur"
"NA";"allgemeine Hochschulreife / Abitur"
"Linda ist Bankangestellte und in der Frauenbewegung aktiv.";"Fachhochschulreife"
"Linda ist Bankangestellte und in der Frauenbewegung aktiv.";"allgemeine Hochschulreife / Abitur"
"Linda ist Bankangestellte.";"Fachhochschulreife"
"NA";"Fachhochschulreife"
"Linda ist Bankangestellte.";"allgemeine Hochschulreife / Abitur"
"Linda ist Bankangestellte und in der Frauenbewegung aktiv.";"allgemeine Hochschulreife / Abitur"
"Linda ist Bankangestellte.";"allgemeine Hochschulreife / Abitur"
"Linda ist Bankangestellte und in der Frauenbewegung aktiv.";"allgemeine Hochschulreife / Abitur"
"Linda ist Bankangestellte und in der Frauenbewegung aktiv.";"allgemeine Hochschulreife / Abitur"
"Linda ist Bankangestellte und in der Frauenbewegung aktiv.";"allgemeine Hochschulreife / Abitur"
"Linda ist Bankangestellte und in der Frauenbewegung aktiv.";"allgemeine Hochschulreife / Abitur"
"Linda ist Bankangestellte und in der Frauenbewegung aktiv.";"fachgebundene Hochschulreife"
"Linda ist Bankangestellte und in der Frauenbewegung aktiv.";"allgemeine Hochschulreife / Abitur"
"Linda ist Bankangestellte und in der Frauenbewegung aktiv.";"Fachhochschulreife"
"Linda ist Bankangestellte.";"Fachhochschulreife"
"Linda ist Bankangestellte und in der Frauenbewegung aktiv.";"allgemeine Hochschulreife / Abitur"
"Linda ist Bankangestellte und in der Frauenbewegung aktiv.";"allgemeine Hochschulreife / Abitur"
"Linda ist Bankangestellte.";"allgemeine Hochschulreife / Abitur"
"NA";"allgemeine Hochschulreife / Abitur"
"Linda ist Bankangestellte.";"allgemeine Hochschulreife / Abitur"
"Linda ist Bankangestellte und in der Frauenbewegung aktiv.";"allgemeine Hochschulreife / Abitur"
"NA";"allgemeine Hochschulreife / Abitur"
"NA";"allgemeine Hochschulreife / Abitur"
"NA";"fachgebundene Hochschulreife"
"NA";"allgemeine Hochschulreife / Abitur"
"NA";"allgemeine Hochschulreife / Abitur"
"Linda ist Bankangestellte und in der Frauenbewegung aktiv.";"allgemeine Hochschulreife / Abitur"
"Linda ist Bankangestellte und in der Frauenbewegung aktiv.";"allgemeine Hochschulreife / Abitur"
"NA";"Fachhochschulreife"
"NA";"allgemeine Hochschulreife / Abitur"
"Linda ist Bankangestellte und in der Frauenbewegung aktiv.";"allgemeine Hochschulreife / Abitur"
"Linda ist Bankangestellte.";"Fachhochschulreife"
"Linda ist Bankangestellte und in der Frauenbewegung aktiv.";"Fachhochschulreife"
"Linda ist Bankangestellte.";"allgemeine Hochschulreife / Abitur"
"NA";"allgemeine Hochschulreife / Abitur"
"Linda ist Bankangestellte und in der Frauenbewegung aktiv.";"fachgebundene Hochschulreife"
"Linda ist Bankangestellte und in der Frauenbewegung aktiv.";"allgemeine Hochschulreife / Abitur"
"Linda ist Bankangestellte.";"allgemeine Hochschulreife / Abitur"
"Linda ist Bankangestellte und in der Frauenbewegung aktiv.";"Fachhochschulreife"
"Linda ist Bankangestellte und in der Frauenbewegung aktiv.";"allgemeine Hochschulreife / Abitur"
"NA";"Fachhochschulreife"
"Linda ist Bankangestellte.";"allgemeine Hochschulreife / Abitur"
"NA";"allgemeine Hochschulreife / Abitur"
"Linda ist Bankangestellte.";"allgemeine Hochschulreife / Abitur"
"Linda ist Bankangestellte.";"allgemeine Hochschulreife / Abitur"
"NA";"allgemeine Hochschulreife / Abitur"
"Linda ist Bankangestellte und in der Frauenbewegung aktiv.";"allgemeine Hochschulreife / Abitur"
"Linda ist Bankangestellte und in der Frauenbewegung aktiv.";"allgemeine Hochschulreife / Abitur"
"NA";"Fachhochschulreife"
"NA";"fachgebundene Hochschulreife"
"Linda ist Bankangestellte und in der Frauenbewegung aktiv.";"allgemeine Hochschulreife / Abitur"
"Linda ist Bankangestellte.";"Fachhochschulreife"
"Linda ist Bankangestellte.";"allgemeine Hochschulreife / Abitur"
"Linda ist Bankangestellte und in der Frauenbewegung aktiv.";"allgemeine Hochschulreife / Abitur"
"Linda ist Bankangestellte.";"Fachhochschulreife"
"Linda ist Bankangestellte.";"allgemeine Hochschulreife / Abitur"
"Linda ist Bankangestellte und in der Frauenbewegung aktiv.";"allgemeine Hochschulreife / Abitur"
"Linda ist Bankangestellte und in der Frauenbewegung aktiv.";"allgemeine Hochschulreife / Abitur"
"NA";"fachgebundene Hochschulreife"
"Linda ist Bankangestellte und in der Frauenbewegung aktiv.";"allgemeine Hochschulreife / Abitur"
"NA";"allgemeine Hochschulreife / Abitur"
"Linda ist Bankangestellte.";"Fachhochschulreife"
"Linda ist Bankangestellte und in der Frauenbewegung aktiv.";"Fachhochschulreife"
"Linda ist Bankangestellte.";"Fachhochschulreife"
"Linda ist Bankangestellte und in der Frauenbewegung aktiv.";"allgemeine Hochschulreife / Abitur"
"NA";"allgemeine Hochschulreife / Abitur"
"Linda ist Bankangestellte.";"allgemeine Hochschulreife / Abitur"
"NA";"allgemeine Hochschulreife / Abitur"
"Linda ist Bankangestellte und in der Frauenbewegung aktiv.";"Fachhochschulreife"
"NA";"allgemeine Hochschulreife / Abitur"
"Linda ist Bankangestellte.";"Fachhochschulreife"
"Linda ist Bankangestellte und in der Frauenbewegung aktiv.";"allgemeine Hochschulreife / Abitur"
"Linda ist Bankangestellte und in der Frauenbewegung aktiv.";"allgemeine Hochschulreife / Abitur"
"Linda ist Bankangestellte und in der Frauenbewegung aktiv.";"allgemeine Hochschulreife / Abitur"
"NA";"Fachhochschulreife"
"Linda ist Bankangestellte und in der Frauenbewegung aktiv.";"allgemeine Hochschulreife / Abitur"
"NA";"allgemeine Hochschulreife / Abitur"
"NA";"allgemeine Hochschulreife / Abitur"
"Linda ist Bankangestellte und in der Frauenbewegung aktiv.";"allgemeine Hochschulreife / Abitur"
"Linda ist Bankangestellte.";"allgemeine Hochschulreife / Abitur"
"Linda ist Bankangestellte und in der Frauenbewegung aktiv.";"allgemeine Hochschulreife / Abitur"
"Linda ist Bankangestellte und in der Frauenbewegung aktiv.";"allgemeine Hochschulreife / Abitur"
"NA";"allgemeine Hochschulreife / Abitur"
"Linda ist Bankangestellte.";"allgemeine Hochschulreife / Abitur"
"Linda ist Bankangestellte und in der Frauenbewegung aktiv.";"allgemeine Hochschulreife / Abitur"
"Linda ist Bankangestellte und in der Frauenbewegung aktiv.";"Fachhochschulreife"
"Linda ist Bankangestellte und in der Frauenbewegung aktiv.";"allgemeine Hochschulreife / Abitur"
"NA";"allgemeine Hochschulreife / Abitur"
"Linda ist Bankangestellte und in der Frauenbewegung aktiv.";"Fachhochschulreife"
"Linda ist Bankangestellte und in der Frauenbewegung aktiv.";"Fachhochschulreife"
"NA";"allgemeine Hochschulreife / Abitur"
"Linda ist Bankangestellte und in der Frauenbewegung aktiv.";"allgemeine Hochschulreife / Abitur"
"NA";"allgemeine Hochschulreife / Abitur"
"NA";"allgemeine Hochschulreife / Abitur"
"Linda ist Bankangestellte und in der Frauenbewegung aktiv.";"Fachhochschulreife"
"Linda ist Bankangestellte und in der Frauenbewegung aktiv.";"allgemeine Hochschulreife / Abitur"
"Linda ist Bankangestellte und in der Frauenbewegung aktiv.";"allgemeine Hochschulreife / Abitur"
"Linda ist Bankangestellte.";"allgemeine Hochschulreife / Abitur"
"Linda ist Bankangestellte.";"allgemeine Hochschulreife / Abitur"
"NA";"allgemeine Hochschulreife / Abitur"
"Linda ist Bankangestellte.";"fachgebundene Hochschulreife"
"Linda ist Bankangestellte und in der Frauenbewegung aktiv.";"Fachhochschulreife"
"NA";"NA"
"Linda ist Bankangestellte.";"allgemeine Hochschulreife / Abitur"
"Linda ist Bankangestellte und in der Frauenbewegung aktiv.";"allgemeine Hochschulreife / Abitur"
"NA";"allgemeine Hochschulreife / Abitur"
"Linda ist Bankangestellte und in der Frauenbewegung aktiv.";"allgemeine Hochschulreife / Abitur"
"Linda ist Bankangestellte und in der Frauenbewegung aktiv.";"allgemeine Hochschulreife / Abitur"
"Linda ist Bankangestellte und in der Frauenbewegung aktiv.";"allgemeine Hochschulreife / Abitur"
"Linda ist Bankangestellte.";"Fachhochschulreife"
"Linda ist Bankangestellte.";"allgemeine Hochschulreife / Abitur"
"Linda ist Bankangestellte und in der Frauenbewegung aktiv.";"allgemeine Hochschulreife / Abitur"
"NA";"allgemeine Hochschulreife / Abitur"
"Linda ist Bankangestellte und in der Frauenbewegung aktiv.";"Fachhochschulreife"
"NA";"Fachhochschulreife"
"Linda ist Bankangestellte.";"allgemeine Hochschulreife / Abitur"
"Linda ist Bankangestellte und in der Frauenbewegung aktiv.";"allgemeine Hochschulreife / Abitur"
"Linda ist Bankangestellte und in der Frauenbewegung aktiv.";"allgemeine Hochschulreife / Abitur"
"Linda ist Bankangestellte und in der Frauenbewegung aktiv.";"allgemeine Hochschulreife / Abitur"
"Linda ist Bankangestellte und in der Frauenbewegung aktiv.";"Fachhochschulreife"
"NA";"allgemeine Hochschulreife / Abitur"
"Linda ist Bankangestellte.";"Fachhochschulreife"
"NA";"allgemeine Hochschulreife / Abitur"
"Linda ist Bankangestellte.";"allgemeine Hochschulreife / Abitur"
"Linda ist Bankangestellte.";"allgemeine Hochschulreife / Abitur"
"NA";"allgemeine Hochschulreife / Abitur"
"Linda ist Bankangestellte.";"allgemeine Hochschulreife / Abitur"
"NA";"Fachhochschulreife"
"Linda ist Bankangestellte und in der Frauenbewegung aktiv.";"NA"
"Linda ist Bankangestellte und in der Frauenbewegung aktiv.";"allgemeine Hochschulreife / Abitur"
"Linda ist Bankangestellte und in der Frauenbewegung aktiv.";"allgemeine Hochschulreife / Abitur"
"Linda ist Bankangestellte.";"allgemeine Hochschulreife / Abitur"
"Linda ist Bankangestellte und in der Frauenbewegung aktiv.";"allgemeine Hochschulreife / Abitur"
"Linda ist Bankangestellte.";"fachgebundene Hochschulreife"
"Linda ist Bankangestellte.";"Fachhochschulreife"
"Linda ist Bankangestellte.";"allgemeine Hochschulreife / Abitur"
"Linda ist Bankangestellte und in der Frauenbewegung aktiv.";"allgemeine Hochschulreife / Abitur"
"Linda ist Bankangestellte und in der Frauenbewegung aktiv.";"allgemeine Hochschulreife / Abitur"
"Linda ist Bankangestellte.";"allgemeine Hochschulreife / Abitur"
"Linda ist Bankangestellte.";"allgemeine Hochschulreife / Abitur"
"Linda ist Bankangestellte.";"allgemeine Hochschulreife / Abitur"
"Linda ist Bankangestellte und in der Frauenbewegung aktiv.";"Fachhochschulreife"
"Linda ist Bankangestellte und in der Frauenbewegung aktiv.";"Fachhochschulreife"
"Linda ist Bankangestellte und in der Frauenbewegung aktiv.";"Fachhochschulreife"
"NA";"Fachhochschulreife"
"Linda ist Bankangestellte und in der Frauenbewegung aktiv.";"Fachhochschulreife"
"Linda ist Bankangestellte und in der Frauenbewegung aktiv.";"allgemeine Hochschulreife / Abitur"
"Linda ist Bankangestellte und in der Frauenbewegung aktiv.";"allgemeine Hochschulreife / Abitur"
"NA";"Fachhochschulreife"
"Linda ist Bankangestellte und in der Frauenbewegung aktiv.";"Fachhochschulreife"
"NA";"allgemeine Hochschulreife / Abitur"
"Linda ist Bankangestellte und in der Frauenbewegung aktiv.";"allgemeine Hochschulreife / Abitur"
"Linda ist Bankangestellte.";"allgemeine Hochschulreife / Abitur"
"Linda ist Bankangestellte und in der Frauenbewegung aktiv.";"Fachhochschulreife"
"Linda ist Bankangestellte und in der Frauenbewegung aktiv.";"allgemeine Hochschulreife / Abitur"
"Linda ist Bankangestellte und in der Frauenbewegung aktiv.";"fachgebundene Hochschulreife"
"Linda ist Bankangestellte.";"allgemeine Hochschulreife / Abitur"
"Linda ist Bankangestellte und in der Frauenbewegung aktiv.";"allgemeine Hochschulreife / Abitur"
"Linda ist Bankangestellte und in der Frauenbewegung aktiv.";"allgemeine Hochschulreife / Abitur"
"NA";"Fachhochschulreife"
"Linda ist Bankangestellte.";"allgemeine Hochschulreife / Abitur"
"Linda ist Bankangestellte.";"allgemeine Hochschulreife / Abitur"
"NA";"allgemeine Hochschulreife / Abitur"
"Linda ist Bankangestellte.";"allgemeine Hochschulreife / Abitur"
"Linda ist Bankangestellte.";"allgemeine Hochschulreife / Abitur"
"Linda ist Bankangestellte.";"Fachhochschulreife"
"NA";"fachgebundene Hochschulreife"
"Linda ist Bankangestellte und in der Frauenbewegung aktiv.";"Fachhochschulreife"
"Linda ist Bankangestellte und in der Frauenbewegung aktiv.";"allgemeine Hochschulreife / Abitur"
"NA";"allgemeine Hochschulreife / Abitur"
"Linda ist Bankangestellte und in der Frauenbewegung aktiv.";"allgemeine Hochschulreife / Abitur"
"Linda ist Bankangestellte und in der Frauenbewegung aktiv.";"allgemeine Hochschulreife / Abitur"
"Linda ist Bankangestellte und in der Frauenbewegung aktiv.";"allgemeine Hochschulreife / Abitur"
"NA";"allgemeine Hochschulreife / Abitur"
"Linda ist Bankangestellte und in der Frauenbewegung aktiv.";"fachgebundene Hochschulreife"
"Linda ist Bankangestellte.";"Fachhochschulreife"
"Linda ist Bankangestellte.";"allgemeine Hochschulreife / Abitur"
"Linda ist Bankangestellte und in der Frauenbewegung aktiv.";"allgemeine Hochschulreife / Abitur"
"Linda ist Bankangestellte und in der Frauenbewegung aktiv.";"allgemeine Hochschulreife / Abitur"
"Linda ist Bankangestellte.";"allgemeine Hochschulreife / Abitur"
"Linda ist Bankangestellte und in der Frauenbewegung aktiv.";"Fachhochschulreife"
"Linda ist Bankangestellte.";"allgemeine Hochschulreife / Abitur"
"Linda ist Bankangestellte und in der Frauenbewegung aktiv.";"Fachhochschulreife"
"NA";"Fachhochschulreife"
"Linda ist Bankangestellte und in der Frauenbewegung aktiv.";"allgemeine Hochschulreife / Abitur"
"Linda ist Bankangestellte und in der Frauenbewegung aktiv.";"allgemeine Hochschulreife / Abitur"
"Linda ist Bankangestellte und in der Frauenbewegung aktiv.";"NA"
"NA";"allgemeine Hochschulreife / Abitur"
"Linda ist Bankangestellte und in der Frauenbewegung aktiv.";"allgemeine Hochschulreife / Abitur"
"Linda ist Bankangestellte und in der Frauenbewegung aktiv.";"allgemeine Hochschulreife / Abitur"
"Linda ist Bankangestellte.";"Fachhochschulreife"
"NA";"allgemeine Hochschulreife / Abitur"
"NA";"allgemeine Hochschulreife / Abitur"
"Linda ist Bankangestellte und in der Frauenbewegung aktiv.";"allgemeine Hochschulreife / Abitur"
"Linda ist Bankangestellte.";"allgemeine Hochschulreife / Abitur"
"Linda ist Bankangestellte und in der Frauenbewegung aktiv.";"allgemeine Hochschulreife / Abitur"
"Linda ist Bankangestellte.";"Fachhochschulreife"
"NA";"allgemeine Hochschulreife / Abitur"
"Linda ist Bankangestellte und in der Frauenbewegung aktiv.";"Fachhochschulreife"
"Linda ist Bankangestellte.";"allgemeine Hochschulreife / Abitur"
"Linda ist Bankangestellte.";"allgemeine Hochschulreife / Abitur"
"NA";"allgemeine Hochschulreife / Abitur"
"NA";"NA"
"Linda ist Bankangestellte.";"allgemeine Hochschulreife / Abitur"
"Linda ist Bankangestellte und in der Frauenbewegung aktiv.";"Fachhochschulreife"
"NA";"allgemeine Hochschulreife / Abitur"
"Linda ist Bankangestellte und in der Frauenbewegung aktiv.";"allgemeine Hochschulreife / Abitur"
"NA";"allgemeine Hochschulreife / Abitur"
"Linda ist Bankangestellte und in der Frauenbewegung aktiv.";"allgemeine Hochschulreife / Abitur"
"Linda ist Bankangestellte und in der Frauenbewegung aktiv.";"allgemeine Hochschulreife / Abitur"
"Linda ist Bankangestellte und in der Frauenbewegung aktiv.";"allgemeine Hochschulreife / Abitur"
"Linda ist Bankangestellte und in der Frauenbewegung aktiv.";"allgemeine Hochschulreife / Abitur"
"Linda ist Bankangestellte und in der Frauenbewegung aktiv.";"allgemeine Hochschulreife / Abitur"
"Linda ist Bankangestellte.";"allgemeine Hochschulreife / Abitur"
"NA";"NA"
"NA";"allgemeine Hochschulreife / Abitur"
"Linda ist Bankangestellte und in der Frauenbewegung aktiv.";"allgemeine Hochschulreife / Abitur"
"NA";"NA"
"Linda ist Bankangestellte.";"allgemeine Hochschulreife / Abitur"
"Linda ist Bankangestellte und in der Frauenbewegung aktiv.";"allgemeine Hochschulreife / Abitur"
"Linda ist Bankangestellte und in der Frauenbewegung aktiv.";"Fachhochschulreife"
"Linda ist Bankangestellte und in der Frauenbewegung aktiv.";"allgemeine Hochschulreife / Abitur"
"Linda ist Bankangestellte.";"Fachhochschulreife"
"Linda ist Bankangestellte.";"allgemeine Hochschulreife / Abitur"
"Linda ist Bankangestellte und in der Frauenbewegung aktiv.";"allgemeine Hochschulreife / Abitur"
"NA";"allgemeine Hochschulreife / Abitur"
"Linda ist Bankangestellte und in der Frauenbewegung aktiv.";"Fachhochschulreife"
"Linda ist Bankangestellte und in der Frauenbewegung aktiv.";"Fachhochschulreife"
"NA";"NA"
"NA";"allgemeine Hochschulreife / Abitur"
"Linda ist Bankangestellte und in der Frauenbewegung aktiv.";"allgemeine Hochschulreife / Abitur"
"NA";"allgemeine Hochschulreife / Abitur"
"Linda ist Bankangestellte und in der Frauenbewegung aktiv.";"allgemeine Hochschulreife / Abitur"
"Linda ist Bankangestellte und in der Frauenbewegung aktiv.";"allgemeine Hochschulreife / Abitur"
"NA";"allgemeine Hochschulreife / Abitur"
"Linda ist Bankangestellte.";"allgemeine Hochschulreife / Abitur"
"Linda ist Bankangestellte und in der Frauenbewegung aktiv.";"allgemeine Hochschulreife / Abitur"
"Linda ist Bankangestellte und in der Frauenbewegung aktiv.";"allgemeine Hochschulreife / Abitur"
"Linda ist Bankangestellte und in der Frauenbewegung aktiv.";"allgemeine Hochschulreife / Abitur"
"NA";"allgemeine Hochschulreife / Abitur"
"NA";"allgemeine Hochschulreife / Abitur"
"NA";"allgemeine Hochschulreife / Abitur"
"Linda ist Bankangestellte.";"allgemeine Hochschulreife / Abitur"
"NA";"allgemeine Hochschulreife / Abitur"
"Linda ist Bankangestellte.";"allgemeine Hochschulreife / Abitur"
"Linda ist Bankangestellte.";"Fachhochschulreife"
"Linda ist Bankangestellte und in der Frauenbewegung aktiv.";"NA"
"Linda ist Bankangestellte und in der Frauenbewegung aktiv.";"allgemeine Hochschulreife / Abitur"
"NA";"allgemeine Hochschulreife / Abitur"
"Linda ist Bankangestellte und in der Frauenbewegung aktiv.";"Fachhochschulreife"
"Linda ist Bankangestellte.";"fachgebundene Hochschulreife"
"Linda ist Bankangestellte.";"allgemeine Hochschulreife / Abitur"
"NA";"allgemeine Hochschulreife / Abitur"
"NA";"allgemeine Hochschulreife / Abitur"
"NA";"allgemeine Hochschulreife / Abitur"
"Linda ist Bankangestellte und in der Frauenbewegung aktiv.";"allgemeine Hochschulreife / Abitur"
"Linda ist Bankangestellte und in der Frauenbewegung aktiv.";"Fachhochschulreife"
"Linda ist Bankangestellte.";"allgemeine Hochschulreife / Abitur"
"Linda ist Bankangestellte und in der Frauenbewegung aktiv.";"allgemeine Hochschulreife / Abitur"
"Linda ist Bankangestellte.";"allgemeine Hochschulreife / Abitur"
"Linda ist Bankangestellte.";"allgemeine Hochschulreife / Abitur"
"Linda ist Bankangestellte und in der Frauenbewegung aktiv.";"allgemeine Hochschulreife / Abitur"
"Linda ist Bankangestellte.";"allgemeine Hochschulreife / Abitur"
"Linda ist Bankangestellte und in der Frauenbewegung aktiv.";"Fachhochschulreife"
"Linda ist Bankangestellte.";"allgemeine Hochschulreife / Abitur"
"Linda ist Bankangestellte.";"allgemeine Hochschulreife / Abitur"
